Solution,Name,Device,Setup Time,Key Benefits,First Steps
Quick Start (Recommended),Mozilla DeepSpeech + Python TTS,Both (Start with i5 PC),1-2 hours,"Works on limited hardware, completely free, good learning project","1. Install Python 3.8+
2. pip install deepspeech pyttsx3 speech_recognition
3. Download model files
4. Test basic voice loop"
Best Free Option,Google Cloud Free Tier,Both devices,30 minutes,"Professional quality, easy setup, generous free tier","1. Create Google Cloud account
2. Enable Speech-to-Text & Text-to-Speech APIs
3. Get API keys
4. Install google-cloud libraries"
Most Powerful Local,Ollama + Whisper,i9 Laptop only,2-4 hours,"Most privacy, best performance on good hardware, unlimited usage","1. Install Ollama on i9 laptop
2. Download Llama 3.2 1B model
3. Install Whisper
4. Create Python integration script"
Cross-Device Ready,Home Assistant Voice,i9 Laptop + setup sync,4-6 hours,"Professional home automation, excellent cross-device sync","1. Install Home Assistant OS
2. Setup Whisper & Piper addons
3. Configure voice pipeline
4. Setup mobile app access"
